{"beta": [-0.009091430906826212, 0.00949641821645611, -1.7108999566982896e-07, -0.003781894229703389, 0.049316487839977025, -0.008448382945570092, -0.024061054545336164, -0.03316909039832221, 0.023931543652760214, -0.020061095873786145, -0.0011788646938160126, 0.003050194733266819, -0.0010680419357188698, -0.03451110084774202, -0.016127618003437594, 0.0039685439008590884, 0.05992106498459428, 0.010716471010017381], "LL": 27133.79276093815}