{"beta": [-0.007409432514627407, 0.0036560068991551235, -1.1245365278450626e-07], "LL": 27147.707042538877}